cat,prop,proplabel
Strongly disagree,3.661010645957794,4%
2,3.461339716935615,3%
3,9.735806000281825,10%
4,17.60475384234418,18%
5,22.52624863180769,23%
6,18.89135976496717,19%
Strongly agree,24.11948139770573,24%
