cat,prop,proplabel
1,20.89977233119433,21%
2,79.10022766880567,79%
