wave,prop,proplabel,lb,ub
2021,10.317696,10%,10.012587,10.622806
2023,7.3807878,7%,7.1001,7.6614757
