wave,prop,proplabel,lb,ub
2014,5.3639941,5%,4.3039923,6.4239955
2016/17,,,,
2018/19,,,,
2021,,,,
2023,8.8538475,9%,7.3843894,10.323306
